subreddit,title
wallstreetbets,ğŸ‘€
wallstreetbets,Bouta become worthless tmrw
wallstreetbets,WSB Strikes Back (WARNING: GRAPHIC)
wallstreetbets,https://www.bloomberg.com/news/articles/2021-02-25/gamestop-options-bet-that-the-stock-will-reach-800-on-friday?utm_source=url_link
wallstreetbets,I like the stock
wallstreetbets,#RKT shorted heavily at 38.09% they had their earnings today in after hours and you can see that they are on the rise because their numbers were phenomenal.
wallstreetbets,Remember PCP Pete? Letâ€™s do it for him tomorrow!
wallstreetbets,Rkt rocket earnings came out and they have so much cash they will be paying their share holders $1.11 per share next month. This so undervalued they have no debt and are making bank. Letâ€™s squeeze all the shorts out. Letâ€™s stop buying stupid stocks that donâ€™t make money. This stock has to triple
wallstreetbets,TSPND SHORT SQUEEZE TOMMOROW
wallstreetbets,$GOGO âœˆï¸âœˆï¸âœˆï¸âœˆï¸ SQUEEZE
wallstreetbets,Just got this email from Robinhood about my 2/26 calls
wallstreetbets,WSB Strikes Back (WARNING: GRAPHIC)
wallstreetbets,Gonna turn worthless tmrw Lost this $1000 in 3mins
wallstreetbets,Anyone who uses Robinhood still. Try Revolut
wallstreetbets,WISE WORDS FROM JOEY
wallstreetbets,Discussion about Asia BroadBand (Ticker AABB)
wallstreetbets,Holding with my 1 share
wallstreetbets,"Imagine if all 9.3M degenerates of this sub took $20 and bought a t-shirt, mug, or anything else to support GameStop... We'd get to the moon a lot faster."
wallstreetbets,Litecoin to the moon?
wallstreetbets,"Gme sell orders at end of after-hours, love seeing this"
wallstreetbets,Anybody else shorting? Letâ€™s see how quick I get downvoted.
wallstreetbets,THE COMEBACK HAS COMMENCED!!! ğŸ’ğŸ’ğŸ’
wallstreetbets,We like the stock (credit: camera_jesus)
wallstreetbets,"CCIV is at discount, it has potential to skyrocket. Lucid is a solid company with great resources. I'm buying and holding. Who is with me? Lets make that company fly."
wallstreetbets,"Iâ€™m Steve, new here. Made my first few GME trades this past week and itâ€™s clearly going really well. Reading through your posts, itâ€™s clear how this ends. I end up naked and drunk, face down outside my wifeâ€™s boyfriends house,$5 to my name and a rocket ship tattoo on my ass. Look forward to it. ğŸš€ğŸš€ğŸš€"
wallstreetbets,"$GME $AMC god damn it thatâ€™s bad news for us. This loop hole is going to suck, hoping for the best tmw"
wallstreetbets,"Can someone explain this to me? Iâ€™ve gotten fucked by them selling my options an hour early, but are they essentially saying theyâ€™re going to sell my options at any point tomorrow to â€œprotectâ€ me? Itâ€™s a gamble and Iâ€™m ok with losing the money I put up. Actual bullshit"
wallstreetbets,ğŸš€ğŸ’¥
wallstreetbets,"What red numbers means, thanks ğŸ¦"
wallstreetbets,"Life is full of surprises. Some good, some not so good."
wallstreetbets,EE stock soars after Andrew Leftâ€™s Citron says GameStop should buy the online gambling company
wallstreetbets,Proof of positions as requested. 8 amc calls and 6 GME calls. Didnâ€™t sell in the first 4 week dip so why tf would I sell at takeoff? Buy the dip!!ğŸ’ğŸ“ˆ ğŸš€
wallstreetbets,CRSP
wallstreetbets,What is a realistic limit sell to set? 800? 1500?
wallstreetbets,Paper hands vs ğŸ’ diamond hands
wallstreetbets,AMC will rise
wallstreetbets,Today GME was halted 3 maybe 4 times minutes after market opened.....
wallstreetbets,Asia BroadBand
wallstreetbets,lol
wallstreetbets,$PLTR x Amazon Last Mile
wallstreetbets,Why I bought the dip and will hold PLTR
wallstreetbets,Keep holding ğŸŒï¸ğŸŒğŸ½â€â™‚ï¸ğŸŒğŸ½AMCâ›³ï¸ğŸ… ....TGIF ğŸ’µğŸ’°ğŸ¥‚ğŸ»ğŸ¸ğŸ¥ƒğŸ¾
wallstreetbets,ğŸš€ğŸš€ the only place these tattoos should be
wallstreetbets,I like the stonk...
wallstreetbets,RKT bet
wallstreetbets,Asia BroadBand
wallstreetbets,$GOGO âœˆï¸âœˆï¸âœˆï¸âœˆï¸
wallstreetbets,I like turtles
wallstreetbets,IS ROBINHOOD STILL HALTING THE TRADES?
wallstreetbets,Pikachu Chart TA. VERY BULLISH INDICATOR!!!
wallstreetbets,"Forget the Volkswagen squeeze, this one fits best"
wallstreetbets,Who do you hold for?
wallstreetbets,"He refused to wear this last night, but not tonight. Letâ€™s fucking goooooo ğŸš€ğŸš€ğŸš€ğŸš€"
wallstreetbets,Rocken a Heady Price
wallstreetbets,Asia BroadBand
wallstreetbets,Put 5 On It!
wallstreetbets,"From left-for-dead to the next 'hot brand', short seller changes view on GameStop"
wallstreetbets,Ryan Cohenâ€™s tweet solved
wallstreetbets,Can anyone tell me where I can find the video of u/deepfuckingvalue shaking a magic 8 ball and taking random letters out of a scrabble bag to decide which stock to buy?
wallstreetbets,I yoloâ€™d into ARKK 155 June Calls last week
wallstreetbets,Airstrike in Syria?
wallstreetbets,Let the Memes begin.
wallstreetbets,Went full autist on Monday morning!
wallstreetbets,PUBM Short Squeeze?
wallstreetbets,I present to you: the consolidated short data from FINRA for 2/25/2021
wallstreetbets,Bought puts on my throwaway webull account. When I buy puts market always goes up. You are welcome
wallstreetbets,100 dollars to 14k on GME - figured if i cant make it on 100 then i cant make it at all.. lmao
wallstreetbets,all my homies hate boomers and their 10yr treasury yields
wallstreetbets,Nobody is in charge of the SEC right now.
wallstreetbets,Please go up
wallstreetbets,ğŸ¦ğŸ¦How it felt for APES buying GME at the PEAK today ğŸ¤²ğŸ’
wallstreetbets,Make my dad tell me I was right
wallstreetbets,I PLAN TO BE THE BEST TRADER ON THIS SUBREDDIT.
wallstreetbets,CCIV
wallstreetbets,If I see gme @ $2k then I pop my tattoo ğŸ’
wallstreetbets,Entire check this morning and now the money from donating. Blood money take me to the moon ğŸš€ğŸš€ğŸš€
wallstreetbets,Where to trade GME in Australia? Thx rocket men
wallstreetbets,"DD/Heads up: Nasdaq broke uptrend; SP500, Rus2000 at trend support; Dow30 in trend."
wallstreetbets,Finally an Honest Investigative News Report - â€œThe GameStop Mess Exposes the Naked Short Selling Scamâ€
wallstreetbets,"ğŸ¼ â€œIf you want it, here it is, come and get it But you'd better hurry 'cause it's goin' fast. If you want it, here it is, come and get it Mm mm mm mm, make your mind up fastâ€. ğŸ¼"
wallstreetbets,They said these ğŸ’ğŸ™Œ weren't steady
wallstreetbets,Not much but itâ€™s honest work.. if this ainâ€™t a sign I donâ€™t know what is.. see you on Pluto autists ğŸš€ğŸš€ğŸš€ğŸ’ğŸ’ğŸ’ğŸ™ŒğŸ»ğŸ™ŒğŸ»ğŸ™ŒğŸ»
wallstreetbets,Had to take my mind off of stocks today but in the meanwhile I painted this ğŸ˜Š
wallstreetbets,"#WEEDSTOCK EDXC How to get to $500M, Go NASDAQ, DJ Khaled and more ... ğŸš€"
wallstreetbets,Jeopardy tonight predicting the future. ğŸ¤¯ğŸš€
wallstreetbets,Apple stock question?
wallstreetbets,Another hypothesis on GME mid-week spike
wallstreetbets,CCIV TO THE MOON
wallstreetbets,You donâ€™t have to wait for a price point to get a tattoo...(crosspost)
wallstreetbets,What are your thoughts on NLVVF?
wallstreetbets,GME Shorts down $10.75 Bln. Year to date!
wallstreetbets,Squazozzle update 2/25: Citadelvin tried to scare me ğŸ˜³
wallstreetbets,Airstrike in Syria? Would this have a negative effect on the stock market?
wallstreetbets,"ğŸ¼ â€œIf you want it, here it is, come and get it But you'd better hurry 'cause it's goin' fast. If you want it, here it is, come and get it Mm mm mm mm, make your mind up fastâ€. ğŸ¼"
wallstreetbets,GME options in canada
wallstreetbets,AMC FOR ALEX!!! TO THE FUCKING MOON!!! BUY AMC AND GME!!! LETS GET AMC TO 20!!!!
wallstreetbets,HOW 2 MAKE ALL DA $
wallstreetbets,$TSNP
wallstreetbets,Not much but itâ€™s honest work.. If this ainâ€™t a sign I donâ€™t know what is.. see you in the next galaxy autists ğŸš€ğŸš€ğŸš€ğŸ’ğŸ’ğŸ’ğŸ™ŒğŸ»ğŸ™ŒğŸ»ğŸ™ŒğŸ»
wallstreetbets,"If we are in the same cycle as before with GME, then this is a chart simulating where we are now, and where things could go in the next few days"
wallstreetbets,$HVBTF: HIVE Blockchain ğŸš€ğŸš€ğŸš€ğŸš€ğŸš€ğŸš€ğŸš€ğŸš€ğŸš€
wallstreetbets,TO THE MOON!
wallstreetbets,"GME - this time is different, here is why!"
wallstreetbets,Odds that Robinhood actually works at open tomorrow
wallstreetbets,"Is it too late to buy gme? I had at 45 but sold.... I donâ€™t wanna fomo it, can I still buy or will I get burned"
wallstreetbets,Anyone getting twitchy should throw a pair of these on their hands ğŸ˜‚
wallstreetbets,Watch the profits come rolling in...
wallstreetbets,Brrrrr
wallstreetbets,Real-time Video for those who missed it of GMEâ€™s trip to the next galaxy!
wallstreetbets,A fair warning: if you thought the backlash was a lot before...itâ€™s about to get a whole lot more serious.
wallstreetbets,Fed exposed
wallstreetbets,Is it time to trade yet?
wallstreetbets,Now this is big brain
wallstreetbets,Space X Rocket ğŸš€
wallstreetbets,Institutions still buying AMC meaning alot more potential!!!!ğŸš€ğŸš€ğŸš€ğŸš€ğŸš€
wallstreetbets,"Tendie War Part 1 (im sorry i dont have money to remove watermark, i am new :) )"
wallstreetbets,SNDL next please!!!
wallstreetbets,GME Lost Porn Update 2/25/2021
wallstreetbets,Who wants to bet CNBC doin it for the ratings?
wallstreetbets,Uga uga stonk stonk
wallstreetbets,Starting advice required pls ğŸ™ğŸ™ğŸ™
wallstreetbets,Should I buy gamestop tomorrow or did I already miss out on the giant gains
wallstreetbets,Hope Robinhood will execute these tomorrow. Fucktards canceled my calls at 3:30 for no reason. Shady shit.
wallstreetbets,To THE NEXT GALAXY THEN INFINITYğŸš€ğŸ“ˆğŸ¦ğŸ’ğŸ™Œ
wallstreetbets,"WE'RE BACK BOYS, THIS'LL BE US"
wallstreetbets,$HVBTF - HIVE Blockchain Technologies ğŸš€ ğŸš€ ğŸš€ ğŸš€ ğŸš€ ğŸš€ ğŸš€ ğŸš€ ğŸš€ ğŸš€ ğŸš€ ğŸš€ ğŸš€ ğŸš€ ğŸš€
wallstreetbets,"LOTZ- 64.26% short squeeze, this is next"
wallstreetbets,"It's fun to be apes together and launch GME to the moon, but let's look at the data here. 83 Million shares were traded yesterday, is this enough for the shorts to cover? Help my smooth ape brain here to find reliable source and make sense of the situation. position 22.66 units @116 ğŸš€ğŸš€ğŸš€"
wallstreetbets,WHO'S BEEN HOLDING LONGER THAN THIS??!!
wallstreetbets,Fed..
wallstreetbets,wsb fire pit ğŸ”¥ğŸ”¥ğŸš€ğŸš€
wallstreetbets,Anyone got an update on todayâ€™s Short interest reporting for GME?
wallstreetbets,Deciphering Why Ryan Cohen's Tweets Made Popular Stocks With High Short Interest ğŸš€ ğŸš€ ğŸš€ ğŸš€ ğŸŒ
wallstreetbets,I regret something I did during the GME dips
wallstreetbets,BREAKING: Short Interest 60.35
wallstreetbets,Robinhood isnâ€™t showing the trendline of GME but is of other stocks...
wallstreetbets,Can someone explain how a stop-loss order works so I can set one on my meme stonks? Iâ€™m afraid RH is going to pull the same stunt again and GME will tank.
wallstreetbets,"Are our posts being used against us?! (honestly your posts used against me, I'm just a retrd)"
wallstreetbets,Wall street bets
wallstreetbets,Tendies Level: Growing
wallstreetbets,Any thoughts on CCIV and the recent shorts piling in? Seems it could explode with a little short push.
wallstreetbets,Live from the next hearing
wallstreetbets,"Started at 4250 last month, tanked to 1700. Me dumb ğŸ¦ with ğŸ’ğŸ™Œ, no know how to sell. ğŸ¦ only know ğŸš€ğŸš€ğŸš€"
wallstreetbets,"$GME and $AMC. After hour is holding really good. Wish this ape had little more money to buy some more, but itâ€™s all gooood. Keep Green and hold...."
wallstreetbets,District0x to $5 SOON
wallstreetbets,ğŸ’ğŸ™ŒğŸš€ğŸš€ğŸš€ğŸŒ
wallstreetbets,Tutorial: When to sell your GME shares (disclaimer: i am not smart human)
wallstreetbets,Wanna see me do it again?
wallstreetbets,"DONT TELL ME TA/FA, I JUST YOLO IT ALL! SEE U IN VEGAS OR SEE U IN SHELTERS!"
wallstreetbets,Institutions still buying AMCğŸš€ğŸš€ğŸš€ğŸš€ğŸš€
wallstreetbets,This is bullshit GME.
wallstreetbets,NOK SNDL to the ğŸŒ get some while you can. ğŸš€ ğŸŒ ğŸ‘¶
wallstreetbets,New to this crazy ğŸ™‰ stuff
wallstreetbets,"Fed reports outage, and GME soars. Is the Fed backing the shorts?"
wallstreetbets,FIRS STONK BUY EVEEERRR IN AEM
wallstreetbets,AT 1K GME MY FRIEND AND I WILL GET DIAMOND SCROTUM TATTOOS ON OUR FEET!
wallstreetbets,"GLOBALSTAR cheap, promising, sexy and now JEEP"
wallstreetbets,No comment ğŸ˜ƒ
wallstreetbets,Finnra SI data shows GME at 60.35% SI
wallstreetbets,Thoughts on metals/mining stock?
wallstreetbets,My contracts got listed at $726.75 at exactly 12:47 at the second stoppage right before market close.. ğŸš€
wallstreetbets,Charlie Munger clearly disapproving of us! Sounds like a complete knob!
wallstreetbets,You guys are awesome thank you for picking me up back there Whoot whoot now I need a ride Iâ€™m on the corner of macys and sundial can ya help a ape out
wallstreetbets,Who else almost hopes Robinhood doesnâ€™t allow buying GME tomorrow?
wallstreetbets,The Rocket don't go backwards retards
wallstreetbets,$CBAT to the moon!!!
wallstreetbets,Houston... we have liftoff.
wallstreetbets,Can someone explain how a stop-loss order works so I can set one on my meme stonks? Iâ€™m afraid RH is going to pull the same stunt again.
wallstreetbets,Pale GME dot
wallstreetbets,Im an investor now
wallstreetbets,"I'm not a cat.. Space Dust, we are getting a taste of the moon. ğŸ’ âœ‹ ğŸŒğŸ¦§"
wallstreetbets,A fan
wallstreetbets,Be careful and think about your retirement.
wallstreetbets,$ZOM and $CTRM ??
wallstreetbets,GME When you out
wallstreetbets,"50,500% gains and still holding! paid $2 for these contracts. ty wsb ğŸ’ğŸ’™ğŸ¦"
wallstreetbets,When you come back home from work and update your monitor GME ğŸš€ğŸŒ™
wallstreetbets,Fatfish &amp; Icandy Gaming - Short Sellers. ASX
wallstreetbets,Not as big a win as others here but my wifeâ€™s boyfriend said I did good! ğŸ’
wallstreetbets,A fellow Canadian beginner experience with Penny Stocks. Hold or Sell?
wallstreetbets,Listen up. Low vol- only 25 mil outstanding too WNW
wallstreetbets,"$ADMS ..Should I buy more, Sell what I have or go full on ğŸ’ğŸ™Œ"
wallstreetbets,Iâ€™m a fool. Why did I cave back then? $gme
wallstreetbets,Iâ€™m buying my first $GME stock and I couldnâ€™t be happier
wallstreetbets,Potential realistic high of GME?? 1k? 10k? 100k?
wallstreetbets,High short interest list
wallstreetbets,Who else hopes Robinhood restricts buying again tomorrow?
wallstreetbets,ZM DD ğŸš€ ğŸš€ ğŸš€
wallstreetbets,Who chooses to start the squeeze?!?
wallstreetbets,Together we flyğŸš€ğŸš€ğŸš€ğŸŒğŸŒğŸŒ
wallstreetbets,To the!
wallstreetbets,"$50,000 YOLO is going into the market tomorrow morning. GME? AMC? BB? You pick, I post the results."
wallstreetbets,"Just showed up in my reddit feed as I'm reading about $GME. Keep your silver, I'll be mining for moon rocks soon!"
wallstreetbets,AMC and GME
wallstreetbets,WE ARE NOT GOING ANYWHERE
wallstreetbets,"Not good editing memes, Randy Quaid is GME, ship is Vlad's ass"
wallstreetbets,"Up $50k today, WEâ€™RE BACK BABY! ğŸš€ğŸš€ğŸš€ğŸ’ğŸ™Œ"
wallstreetbets,Li Auto (LI) about to have a big day tomorrow
wallstreetbets,AMC is up letâ€™s GOOOO
wallstreetbets,To the...
dogecoin,I do not recommend Jaxx anymore. I tried exchanging some CVC for Doge coin and it never showed up in my account. I need help on what to do next. I basically just lost $50 because of them.
dogecoin,Between a ROCK and a hard placeğŸ’ğŸ’
dogecoin,Ainâ€™t no community like r/DOGECOIN
dogecoin,Collaboration
dogecoin,Umcle Elon is The Best Wingman in The GALAXYâ—â—â— #DogeCoinGalaxy #DogeUniverse
dogecoin,Perfect time to buy! To the ğŸŒ™ ğŸš€ ğŸš€ ğŸš€
dogecoin,$38 in 5 years? I believe! To the ğŸŒ™
dogecoin,DOGE ğŸ¶ ğŸ’ğŸª™
dogecoin,5 hours and 47 minutes til liftoff
dogecoin,Please follow me on Instagram so we can make our presence known Iâ€™m a long time hodler and huge meme supporter of doge the more followers I get the faster we blow doge to the moon
dogecoin,Dogecoin Is Going To The Moon! After This MASSIVE Signed Deal!
dogecoin,Can you help me?
dogecoin,We got this. I believe in you. Doge love you.
dogecoin,"I just bought doge coin, what do i do now?"
dogecoin,How to accept Dogecoin on ebay?
dogecoin,The Peopleâ€™s Currency
dogecoin,Dogecoin every where :)
dogecoin,Elon Musk sent us a message
dogecoin,This is Matt Foley he bought in at .073 and ğŸ§» ğŸ¤²ğŸ¼...donâ€™t be like Matt.
dogecoin,$DOGE to $0.10 cents ğŸš€ğŸš€ğŸš€
dogecoin,Coinbase's IPO filing is interesting. What influence do you think bitcoin has on doge?
dogecoin,IN #DOGE WE TRUSTâ—â—â—ğŸ˜ˆğŸ˜ˆğŸ˜ˆğŸ˜ˆğŸ’µğŸ’µğŸ’µğŸ’°ğŸ’°ğŸ’°ğŸ’°ğŸ’°ğŸ’°ğŸ’°ğŸ˜¤ğŸ˜¤ğŸ˜¤ğŸ˜¤ğŸ˜¤ğŸ˜¤
dogecoin,DOGECOIN to $0.10 cents ğŸš€ğŸš€ğŸš€
dogecoin,"HOW TO GET DOGE PAST $1 . Get supermarkets, essential businesses for doge!! Dogecoin is money! Much WOW"
dogecoin,Just got 5k more
dogecoin,Letâ€™s make a petition to GameStop to accept dogecoin?
dogecoin,REDDIT DOESNT WORK UNLESS YOU DO!!!!
dogecoin,261% yield farming with DOGE on BSC
dogecoin,I wish Elon would give us another Tweet!
dogecoin,Bitcoin Black
dogecoin,FOLLOW ME ON IG DOGE ARMY STRONG
dogecoin,Crypto Batman &amp; Dogecoin Rumor !?
dogecoin,Small in shape but with big dreams. To the moon we go!
dogecoin,Satoshiba - Bitcoin Don't Break My Heart (wrote and painted this for all u doges)
dogecoin,"""Crypto Exchange Asks Customers To Return Bitcoin After Selling It At 88% Discount"" ğŸ˜³ğŸ¤¯"
dogecoin,HODL!
dogecoin,Becoming the real currency
dogecoin,Send them all to the moon ğŸš€ğŸš€ğŸš€
dogecoin,Everybody the crash the stock on dogecoin at 10:00 on February 26th 2021
dogecoin,Wallstreetbets: Space Monkey Finances #wallstreet #wallstreetbets #gme #amc #oilpainting #tothemoonğŸš€#dogecoin
dogecoin,Savings account
dogecoin,BOUGHT HEAVY AROUND .069 THINKING WE WILL HIT A DIME- WHAT DO YOU THINK? *donâ€™t be mean ğŸ˜ª *
dogecoin,Teslaâ€™s Bitcoin investment could be bad for the companyâ€™s climate reputation and its bottom line
dogecoin,How can i use my doge on every day purchases
dogecoin,"Let's make Doge People's Currency, equal to 1$. I have a plan."
dogecoin,How do I access the doge coin that Iv been tipped?
dogecoin,Dogecoin Sale
dogecoin,Can't keep a good dog down
dogecoin,Whenever I see FULL-MOON ğŸ˜Š ğŸš€ğŸš€ğŸš€ ğŸ•
dogecoin,Binance chance Dogcoins for BTC...
dogecoin,Howling at the moon ğŸŒ™
dogecoin,When Doge coin go's from 10 c to 6c
dogecoin,Wax on. wax off.
dogecoin,"What if in my tattoo studio I use doge as payment !! and this time I receive it as if its value was D = 1, sooner or later doges always be D = 1"
dogecoin,The SCE is racist!!!!
dogecoin,Real Doge coins in my hands.
dogecoin,Diamond hearts
dogecoin,Any ps4/5 or Xbox players here?
dogecoin,Elon Musk and his message
dogecoin,Nobody: Mars video released by NASA earlier. ğŸ•ğŸš€ ME:Thisâ€™ssssss DOGE in Mars too ğŸ˜‘
dogecoin,Dogecoin technical analysis as of [02.25.2021 07:48pm pst]
dogecoin,THE REAL MğŸ’°NEY TEAM is............. #DOGEâ—â—â—â—â—â—â—â—â—
dogecoin,Taaaaaxxxx
dogecoin,Anyone else from Canis Major? ğŸ‘½ğŸ’ğŸ‘ğŸ½ğŸš€ğŸš€ğŸš€
dogecoin,DID WE JUST PULL A 300?!?!?!?!
dogecoin,Let's ALL remember
dogecoin,DOGE wow when taken out for a walk. MUCH WOW when they get some friends. [E getting tested. GOVT flexing for upcoming move into crypto and Congressional RH/reddit inquiry?]
dogecoin,Holding Strong! (Not much but still honest work.)
dogecoin,ğŸ’ğŸ‘ğŸ½ ğŸš€ğŸš€ğŸš€ Late night Dogecoin watching ğŸš€ğŸš€ğŸš€ ğŸ‘ğŸ½ğŸ’
dogecoin,///
dogecoin,Why donâ€™t people buy doget instead of dogecoin?
dogecoin,"Ohhhhh would you look at that, nothing going to change that!!!!!!!"
dogecoin,Ocean Honda! SJC
dogecoin,ğŸ”¥ğŸ”¥ğŸ”¥ #dogetoothemooonğŸ”¥ğŸ”¥ğŸ”¥
dogecoin,....
dogecoin,Time for a new #Hype and push to .10$ #Dogecoin
dogecoin,Paper Hands ğŸš« ğŸ¶ ğŸš€ğŸš€ğŸš€
dogecoin,Just curious as to what we have done as community to give dogecoin any value to its holders/consumers. What has r/dogecoin even done lately to even remotely benefit the community? Everyone is all about getting to the moon but we can't even coordinate a space program to get there.
dogecoin,",,,,,,"
dogecoin,:P
dogecoin,Hodl!
dogecoin,Letâ€™s go to the moon with house money
dogecoin,Literally
dogecoin,Hoooooo raaaaaaaa
dogecoin,Doge to be accepted in major Indian platform. Such wow.
dogecoin,Going mainstream
dogecoin,Bitcoin
dogecoin,What is 700$ in the grand scheme of things lol
dogecoin,Stimuluuussss
dogecoin,"While people were trippen about Doge, I went metal detecting.. i thing one is melted aluminum.. Doge is is fine.."
dogecoin,Will Animate/Design/Edit Video or Graphics for Dogecoin
dogecoin,Proud to be part of this community
dogecoin,I AM HODLING !!!
dogecoin,Just adding to the collection
dogecoin,Some Thoughts To Calm The SPECULATION
dogecoin,Believe in the Doge....The time is near
dogecoin,Where we at in 2 weeks boys
dogecoin,:)
dogecoin,They hate us cuz they ainâ€™t us. ğŸ¤ğŸ’§
dogecoin,"hey guys, mia is here!"
dogecoin,My bags are packed.
dogecoin,Bitcoin buy
dogecoin,Buying each of my Patreon supporters 100 Doge
dogecoin,"Reddit app messing up...Cant load the post, responding to a reply about crypto mining calculator,"
dogecoin,Da Fuq...
dogecoin,Stop acting brand new.
dogecoin,Hilarious!
dogecoin,pay day is coming!ğŸ’ğŸ–ğŸ½
dogecoin,This is Kala Bhairav a Hindu God that I pray to if you look at the picture he has a dog and the moon on his head. Doge is the moon and the moon is the doge. Bless all the dogecoin holders it will rise.
dogecoin,"Still going to buy the Cyber Truck, all Black, Tri motor. Decked out to the max, once Doge hits $1. Only stipulation, Tesla accepts Doge for purchase. Want to haul my new camper with it for the vacations with the family."
dogecoin,Good Morning
dogecoin,Youâ€™re mine now
dogecoin,So what if weâ€™ve climb back up one cent! Doge is worth a million cents! Donâ€™t ever sell! Ever!
dogecoin,I like watching the little line go up.
dogecoin,Proud to be a Holder today.
dogecoin,The repeat of the pattern but this time it looks like it will be ... GOING TO THE MOON!!
dogecoin,"People talking about sending DOGE to the moon. Tinfoil hat me is thinking that at $27/coin, Elon Musk would have $1 trillion to create an entire space program for years to come. ğŸ¤”"
dogecoin,Doge Strong
dogecoin,Hold the line ! We can do this but we have to work together! Come on ğŸ’¯
dogecoin,Dogecoin surpasses the Euro in trading volume on Kraken. Next stop? THE MOOOON!!
dogecoin,Which App?
dogecoin,Final destination is moon. Doge to the moon
dogecoin,"Just wanted to drop in and say: WHAT A DAY!! Lets be grateful for the opportunity, let out a howl for the fact that we are all part of something that WILL BE IN THE HISTORY BOOKS OF THE FUTURE. THE GREATEST SCHEME FROM MEME CULTURE. ITS GOING TO GO BIGTIME, FREE HUGS FOR ALL MY DOGES!! ğŸ’•ğŸ’•ğŸ’•"
dogecoin,"Dogecoin for a waterfront house or lot in Austin, TX"
dogecoin,GME DOGE
dogecoin,Just picked up 40k Doge. Strapping in!
dogecoin,The best
dogecoin,"I was bored, I just type in dogecoin forecast in google. Don't know if this is true or not. I'm new to crypto,#holding #ğŸš€ğŸš€ğŸš€"
dogecoin,Hold your doge !
dogecoin,"I kinda wish we would cool it with the ol ""to the moon!"" Thing"
dogecoin,to the moon
dogecoin,Wake up Europe time to buy ğŸš€
dogecoin,"Is it possible to buy Dogecoin using Bitcoin, but Anonymously?"
dogecoin,Beautiful
dogecoin,HODLING
dogecoin,Easiest way to mine doge
dogecoin,Steady
dogecoin,Dog coine
dogecoin,Anyone have a 20% binance.us referral?
dogecoin,"Hi dogepunk frens! Doge Ross here. I donâ€™t always make NFTs, but when I do theyâ€™re happy. #dogepunks"
dogecoin,Itâ€™s a sign. Was shopping for some wall art and... doge was staring back at me!
dogecoin,Faucets
dogecoin,"Can someone please post a picture of the order book.... Not the prices, but the green and red trade wall version."
dogecoin,Coinbase
dogecoin,The best #DOGE
dogecoin,PSA: Donâ€™t store your Dogecoins on exchanges. My Ledger Nano S in flamingo pink has arrived!
dogecoin,"I don't have a ton of Doge, but at the same time I have the perfect amount!!"
dogecoin,WALLSTREETBETS BUYING STRATEGIES FOR TOMORROW AMC AND GME MAKE SENSE
dogecoin,How many pennies you got in your crib?
dogecoin,"Hi sent 10k doge from my wallet on dogechain to a deposit address on binance.us for doge and I guess it defaulted to the cost of 1 doge but after 2 weeks it still says New Transaction and 0 confirmations, will this time out eventually and return to my wallet or am I sol?"
dogecoin,Here comes 6!
dogecoin,To the moon please ğŸ˜¥
dogecoin,"We hold strong, hodl and buy! We will be up there with amc and gme by end of month... lfg and then BTC"
dogecoin,Letâ€™s get doge trending on Twitter fr who with me ?
dogecoin,Doge forming bullish pattern!!! Bow chka wowwow
dogecoin,DOGECOIN TO $1 WITH $GME UPğŸš€ğŸš€ğŸš€
dogecoin,DOGECOIN TO $1 WITH $GME UPğŸš€ğŸš€ğŸš€
dogecoin,Doge all night!
dogecoin,New website to buy and sell using dogecoin
dogecoin,Still relevant as ever. TO THE MOON BOYS!
dogecoin,Doge on the Moon 2: The Legend of Mr. Musk
dogecoin,These guys are also following the Doge
dogecoin,Me every time DOGE goes up by .001
dogecoin,Bitcoin ATM at the mall (Needs dogecoin)
dogecoin,Where my DogeFam at? Letâ€™s make this interesting. Read the ğŸ”‘ and comment with your role! Canâ€™t wait to see where you all standğŸ’ªğŸ¼
dogecoin,"Starlink is available in my area, asked Elon if he'd accept Dogecoin"
dogecoin,Question
dogecoin,Me when Dogecoin dips .001 -&gt; â€œMichael!!!â€ #dogepunks
dogecoin,I made a shirt and put it on Amazon :D
dogecoin,Dogecoin overtakes Bitcoin on Google
dogecoin,"So, are we going to buy $20 coordinated oro not?"
dogecoin,"Robinhood, good or not?"
dogecoin,"Need to keep spreading the word all over social media to gain more hodlers!!! I comment ""Dogecoin ğŸš€ ğŸŒ™"" on all the hating tiktokers post"
dogecoin,I did this
dogecoin,"So, are we going to buy $20 coordinated or not?"
dogecoin,If I had any advice for doge it would be this.
dogecoin,"So, are we going to buy $20 coordinated or not?"
dogecoin,Feed that Doge!
dogecoin,wallstreetbets Buying strategies for tomorrow GME N AMC
dogecoin,Amazon treats their workers horrible... what if...?
dogecoin,Crowdsourcing for healthcare tool accepting DOGE as payment feedback
dogecoin,Though we love elon. All dogecoin owners must do one thing and one thing only.
dogecoin,My doggy day care just posted this. Is this a happy Doge or what?!
dogecoin,DOGE Nation.. Follow me .. join me on our voyage to the Moon.... $ 1.00 and beyond... BELIEVE
dogecoin,Dogecoin already went to the moon for people who bought in at 0.002 a share and sold when it went up to 0.085. Not sure if it will go to the moon for people who bought in at .065 and up.
dogecoin,GAMESTOP SHOULD ACCEPT DOGECOIN
dogecoin,Dogecoin technical analysis as of [02.24.2021 07:49pm pst]
dogecoin,RUBY FOCUSED ON CRYPTO
dogecoin,Dogecoin to the moon!
dogecoin,Moon Base Amusement Park
dogecoin,3 things YOU can do for Dogecoin... right now!
dogecoin,A friend asked me to draw him a meme shirt...SO I DID
dogecoin,STAY HUSTLE FOR DOGE COIN !!!!!
dogecoin,Anyone up for taking this meme idea and making it... Credit me if it goes big or not I just want to see it.
dogecoin,#DOGEARMY ALLDAY EVERYDAY!!! He tried it . Lol
dogecoin,Here are two question that white bit asked max Keller(doge core dev) there are a lot more questions. I will post link in chat.
dogecoin,Lmao he went all in ğŸš€ğŸ•ğŸ”¥ğŸŒ•
dogecoin,Tidecoin is a Post-Quantum Security Bitcoin
dogecoin,"CKB, get in while you can, just became available to trade in USğŸš€ğŸš€ğŸš€"
dogecoin,#TeamDoge
