word,word_count
gme,339
amc,127
stock,107
moon,94
like,74
apes,73
just,66
wsb,65
buy,64
short,53
monday,52
hold,51
going,50
dd,47
gamestop,47
squeeze,46
shares,41
market,41
sell,37
new,36
help,35
let,35
need,35
make,35
stocks,35
know,35
week,34
diamond,33
money,32
don,32
way,30
got,30
hands,28
think,28
people,28
buying,28
robinhood,27
options,27
tendies,26
price,26
trading,26
ape,26
march,25
fellow,25
right,25
time,25
post,24
good,24
meme,23
retards,23
today,23
wall,23
bruce,22
holding,22
hedge,22
bought,22
does,22
sec,22
amp,22
gonna,21
strong,21
game,20
guys,20
street,20
2021,20
calls,20
big,19
video,19
stimulus,18
cciv,18
want,17
yolo,17
day,17
sign,17
lucid,16
share,16
app,16
melvin,16
stop,16
tesla,15
stonk,15
say,15
shit,15
use,15
earnings,15
invest,15
wallstreetbets,15
weekend,14
yesterday,14
says,14
account,14
getting,14
long,14
retarded,14
funds,14
future,14
past,14
best,14
worth,14
sos,14
